INSERT INTO "PUBLIC"."ARTICLE" ( "ID", "CENA", "DATAWAZNOSCI", "NAZWA" ) VALUES (1 ,2.34 ,DATE '2012-12-1', 'Lody')
INSERT INTO "PUBLIC"."ARTICLE" ( "ID", "CENA", "DATAWAZNOSCI", "NAZWA" ) VALUES (2 ,4.34 ,DATE '2012-10-12', 'Amarena')
INSERT INTO "PUBLIC"."ARTICLE" ( "ID", "CENA", "DATAWAZNOSCI", "NAZWA" ) VALUES (3 ,6.4 ,DATE '2012-12-4', 'Napoj')
INSERT INTO "PUBLIC"."ARTICLE" ( "ID", "CENA", "DATAWAZNOSCI", "NAZWA" ) VALUES (4 ,2.12 ,DATE '2014-3-12', 'Ciastka')
INSERT INTO "PUBLIC"."ARTICLE" ( "ID", "CENA", "DATAWAZNOSCI", "NAZWA" ) VALUES (5 ,1.32 ,DATE '2012-12-18', 'Woda')
INSERT INTO "PUBLIC"."ARTICLE" ( "ID", "CENA", "DATAWAZNOSCI", "NAZWA" ) VALUES (6 ,20.18 ,DATE '2012-5-31', 'Czekolada')
INSERT INTO "PUBLIC"."ARTICLE" ( "ID", "CENA", "DATAWAZNOSCI", "NAZWA" ) VALUES (7 ,215.99 ,DATE '1990-04-11', 'Młot peumatyczny')
INSERT INTO "PUBLIC"."ARTICLE" ( "ID", "CENA", "DATAWAZNOSCI", "NAZWA" ) VALUES (8 ,1.00 ,DATE '2012-6-1', 'ChleP')
INSERT INTO "PUBLIC"."ARTICLE" ( "ID", "CENA", "DATAWAZNOSCI", "NAZWA" ) VALUES (9 ,0.10 ,DATE '2012-10-12', 'Guma kulka')

INSERT INTO "PUBLIC"."BILL" ( "ID", "BILLVALUE", "SELLDATE") VALUES ( 1, 100, DATE '1999-01-03' )
INSERT INTO "PUBLIC"."BILLSPEC" ( "ID", "QUANTITY", "ARTICLE_ID" ) VALUES ( 1, 2, 1 )
INSERT INTO "PUBLIC"."BILLSPEC" ( "ID", "QUANTITY", "ARTICLE_ID" ) VALUES ( 2, 4, 2 )
INSERT INTO "PUBLIC"."BILLSPEC" ( "ID", "QUANTITY", "ARTICLE_ID" ) VALUES ( 3, 5, 3 )
INSERT INTO "PUBLIC"."BILLSPEC" ( "ID", "QUANTITY", "ARTICLE_ID" ) VALUES ( 4, 1, 4 )
INSERT INTO "PUBLIC"."BILL_BILLSPEC" ( "BILL_ID", "BILLSPEC_ID" ) VALUES ( 1, 1)
INSERT INTO "PUBLIC"."BILL_BILLSPEC" ( "BILL_ID", "BILLSPEC_ID" ) VALUES ( 1, 2)
INSERT INTO "PUBLIC"."BILL_BILLSPEC" ( "BILL_ID", "BILLSPEC_ID" ) VALUES ( 1, 3)
INSERT INTO "PUBLIC"."BILL_BILLSPEC" ( "BILL_ID", "BILLSPEC_ID" ) VALUES ( 1, 4)

INSERT INTO "PUBLIC"."BILL" ( "ID", "BILLVALUE", "SELLDATE") VALUES ( 2, 40, DATE '2199-01-03' )
INSERT INTO "PUBLIC"."BILLSPEC" ( "ID", "QUANTITY", "ARTICLE_ID" ) VALUES ( 5, 1,2  )
INSERT INTO "PUBLIC"."BILLSPEC" ( "ID", "QUANTITY", "ARTICLE_ID" ) VALUES ( 6, 2,4  )
INSERT INTO "PUBLIC"."BILLSPEC" ( "ID", "QUANTITY", "ARTICLE_ID" ) VALUES ( 7, 15,1  )
INSERT INTO "PUBLIC"."BILLSPEC" ( "ID", "QUANTITY", "ARTICLE_ID" ) VALUES ( 8, 16,3  )
INSERT INTO "PUBLIC"."BILLSPEC" ( "ID", "QUANTITY", "ARTICLE_ID" ) VALUES ( 9, 5,7  )
INSERT INTO "PUBLIC"."BILLSPEC" ( "ID", "QUANTITY", "ARTICLE_ID" ) VALUES ( 10, 100,9 )
INSERT INTO "PUBLIC"."BILL_BILLSPEC" ( "BILL_ID", "BILLSPEC_ID" ) VALUES ( 2, 5)
INSERT INTO "PUBLIC"."BILL_BILLSPEC" ( "BILL_ID", "BILLSPEC_ID" ) VALUES ( 2, 6)
INSERT INTO "PUBLIC"."BILL_BILLSPEC" ( "BILL_ID", "BILLSPEC_ID" ) VALUES ( 2, 7)
INSERT INTO "PUBLIC"."BILL_BILLSPEC" ( "BILL_ID", "BILLSPEC_ID" ) VALUES ( 2, 8)
INSERT INTO "PUBLIC"."BILL_BILLSPEC" ( "BILL_ID", "BILLSPEC_ID" ) VALUES ( 2, 9)
INSERT INTO "PUBLIC"."BILL_BILLSPEC" ( "BILL_ID", "BILLSPEC_ID" ) VALUES ( 2, 10)